country_name,avg_rating
Israël,4.5
Allemagne,4.5
États-Unis,4.4905405405405405
Moldavie,4.4799999999999995
Hongrie,4.472727272727273
Afrique du Sud,4.45909090909091
Australie,4.458333333333333
France,4.447129909365559
Espagne,4.443617021276595
Portugal,4.435714285714286
Chili,4.43125
Italie,4.430026109660575
Argentine,4.417391304347826
Roumanie,4.4
Grèce,4.4
Suisse,4.35
Croatie,4.3
